Subset,Response Type,R_pref,S_need,n
Divergent,Preference-matched,0.7240829161801723,0.8821024617431803,501
Divergent,Need-aware,-0.8007842784757647,0.9640718562874252,501
Non-divergent,Preference-matched,0.7441944532437332,0.9943526170798898,484
Non-divergent,Need-aware,-0.6647990348344525,0.990771349862259,484
