Subset,Response Type,R_pref,S_need,n
Divergent,Preference-matched,0.7240829161801723,0.8855622089155024,501
Divergent,Need-aware,-0.8007842784757647,0.9607451763140387,501
Non-divergent,Preference-matched,0.7441944532437332,0.996694214876033,484
Non-divergent,Need-aware,-0.6647990348344525,0.9920110192837466,484
