Divergence Type,ΔR_pref,ΔS_need,n
Dynamic State Mismatch,-0.2763956006043278,0.30097087378640786,103
None,-1.0457590335775,-0.009305555555555567,480
Pedagogical Redirection,-0.4864524696697929,0.17946666666666689,250
Sycophantic Affirmation,-0.2767022587922815,0.3671875,128
Underspecified Intent,-1.1503354385019815,0.09378531073446328,413
