Subset,Response Type,R_pref,S_need,n
Divergent,Preference-matched,4.076156692214424,0.937258883248731,985
Divergent,Need-aware,0.4471801683836177,0.9771912013536379,985
