Divergence Type,ΔR_pref,ΔR_pref_CI,ΔR_pref_p,ΔR_pref_d,n,ΔS_need,ΔS_need_CI,ΔS_need_p,ΔS_need_d
Dynamic State Mismatch,-0.2375903121596674,"(-0.3470, -0.1342)",7.036708198246962e-06,-0.4199011911180294,108,0.3080246913580248,"(0.2685, 0.3469)",4.047016974522294e-17,1.5068241219840177
None,-1.176748809025118,"(-1.2243, -1.1272)",3.1866036622899785e-80,-2.187716033092067,487,-0.006570841889117042,"(-0.0141, 0.0012)",0.022603427239627327,-0.07674432223771267
Pedagogical Redirection,-0.4573770611515231,"(-0.5426, -0.3722)",2.8866952474879034e-19,-0.6665436374683089,250,0.17733333333333334,"(0.1493, 0.2069)",7.279625978693707e-25,0.7676072424868271
Sycophantic Affirmation,-0.34976823442251914,"(-0.3815, -0.3173)",1.040109843723296e-62,-0.9367065394389957,528,0.1198232323232323,"(0.1013, 0.1393)",2.4043946033147915e-37,0.5227705999373501
Underspecified Intent,-1.3225482210869164,"(-1.3656, -1.2792)",2.3080179216679865e-68,-2.9859043887262815,411,0.0957015409570154,"(0.0822, 0.1092)",3.3802030951205773e-31,0.6861365056869249
