Subset,Response Type,R_pref,S_need,n
Divergent,Preference-matched,4.047334820210577,0.8821024617431803,501
Divergent,Need-aware,0.2881815565262964,0.9640718562874252,501
Non-divergent,Preference-matched,4.105990902697744,0.9943526170798898,484
Non-divergent,Need-aware,0.6117634422276631,0.990771349862259,484
