Divergence Type,ΔR_pref,ΔS_need,n
Dynamic State Mismatch,-1.6382386470960524,0.0,2
None,-1.4089934880781856,-0.003581267217630746,484
Pedagogical Redirection,-1.2995727904070975,0.018803418803418737,78
Sycophantic Affirmation,-1.326007225313009,0.0888888888888889,9
Underspecified Intent,-1.5713137003613147,0.09417475728155356,412
