Divergence Type,ΔR_pref,ΔS_need,n
Dynamic State Mismatch,-1.6382386470960526,0.0,2
None,-1.4089934880781856,-0.004683195592286471,484
Pedagogical Redirection,-1.2995727904070975,0.017948717948717996,78
Sycophantic Affirmation,-1.326007225313009,0.04444444444444451,9
Underspecified Intent,-1.5713137003613147,0.0870550161812299,412
