Subset,Response Type,R_pref,R_pref_CI,n,R_pref_p,R_pref_d,S_need,S_need_CI,S_need_p,S_need_d
Divergent,Preference-matched,0.23413823066200198,"(0.1817, 0.2886)",894,4.757381702512177e-115,1.149411523312385,0.7844146159582401,"(0.7691, 0.7993)",3.0354506018699905e-89,-0.7948280949392342
Divergent,Need-aware,-0.5047748448485398,"(-0.5368, -0.4726)",894,,,0.9651752423564506,"(0.9603, 0.9698)",,
Non-divergent,Preference-matched,0.7749098637499633,"(0.7325, 0.8174)",480,4.791285140569476e-80,2.3064491349960745,0.9968055555555556,"(0.9919, 1.0000)",0.026008320609827745,0.09976348376672625
Non-divergent,Need-aware,-0.27084916982753665,"(-0.3096, -0.2324)",480,,,0.9875,"(0.9796, 0.9942)",,
