Divergence Type,ΔR_pref,ΔR_pref_CI,ΔR_pref_p,ΔR_pref_d,n,ΔS_need,ΔS_need_CI,ΔS_need_p,ΔS_need_d
Dynamic State Mismatch,-0.2763956006043277,"(-0.3856, -0.1738)",6.726348069263487e-08,-0.5096972641595771,103,0.3009708737864077,"(0.2628, 0.3405)",7.353285141810122e-17,1.5058877630497525
None,-1.0457590335775,"(-1.0862, -1.0064)",3.593463855427107e-79,-2.3064491349960745,480,-0.009305555555555556,"(-0.0179, -0.0014)",0.026008320609827745,-0.09976348376672625
Pedagogical Redirection,-0.4864524696697929,"(-0.5625, -0.4092)",1.0552360638046182e-22,-0.7727079377574658,250,0.17946666666666666,"(0.1515, 0.2093)",2.1073273199634726e-25,0.7759137924819421
Sycophantic Affirmation,-0.27670225879228155,"(-0.3728, -0.1826)",1.3619679469218378e-06,-0.49741793443162685,128,0.3671875,"(0.3156, 0.4203)",1.1610337724119837e-18,1.194814003103417
Underspecified Intent,-1.1503354385019815,"(-1.1897, -1.1128)",1.0332942456025196e-68,-2.893738006622656,413,0.09378531073446328,"(0.0807, 0.1070)",7.295565565299658e-32,0.6914266296416811
