Divergence Type,ΔR_pref,ΔS_need,n
Dynamic State Mismatch,-3.93294620513916,0.0,2
None,-3.494227460470081,-0.003581267217630746,484
Pedagogical Redirection,-3.22539437122834,0.018803418803418737,78
Sycophantic Affirmation,-3.3046199828386307,0.0888888888888889,9
Underspecified Intent,-3.8692901745004558,0.09417475728155356,412
